sku_id,description,category,unit_cost,holding_cost_daily,abc_class,supplier_id
SKU-00001,Product_1,Home Goods,1.61,0.0009,C,SUP-003
SKU-00002,Product_2,Groceries,37.32,0.0204,B,SUP-004
SKU-00003,Product_3,Groceries,26.55,0.0145,B,SUP-002
SKU-00004,Product_4,Electronics,4.05,0.0022,C,SUP-002
SKU-00005,Product_5,Groceries,37.72,0.0207,B,SUP-001
SKU-00006,Product_6,Home Goods,17.69,0.0097,B,SUP-005
SKU-00007,Product_7,Apparel,8.28,0.0045,C,SUP-004
SKU-00008,Product_8,Electronics,3.82,0.0021,C,SUP-010
SKU-00009,Product_9,Electronics,21.46,0.0118,B,SUP-002
SKU-00010,Product_10,Apparel,6.02,0.0033,C,SUP-003
SKU-00011,Product_11,Groceries,3.07,0.0017,C,SUP-007
SKU-00012,Product_12,Apparel,8.56,0.0047,C,SUP-007
SKU-00013,Product_13,Groceries,7.68,0.0042,C,SUP-004
SKU-00014,Product_14,Apparel,13.02,0.0071,B,SUP-005
SKU-00015,Product_15,Home Goods,10.21,0.0056,B,SUP-005
SKU-00016,Product_16,Groceries,40.48,0.0222,B,SUP-006
SKU-00017,Product_17,Home Goods,24.49,0.0134,B,SUP-009
SKU-00018,Product_18,Electronics,10.26,0.0056,B,SUP-002
SKU-00019,Product_19,Apparel,4.92,0.0027,C,SUP-005
SKU-00020,Product_20,Electronics,39.99,0.0219,B,SUP-003
SKU-00021,Product_21,Electronics,26.72,0.0146,B,SUP-004
SKU-00022,Product_22,Electronics,173.47,0.0951,A,SUP-010
SKU-00023,Product_23,Electronics,15.86,0.0087,B,SUP-006
SKU-00024,Product_24,Apparel,62.91,0.0345,A,SUP-008
SKU-00025,Product_25,Electronics,19.31,0.0106,B,SUP-001
SKU-00026,Product_26,Apparel,13.28,0.0073,B,SUP-010
SKU-00027,Product_27,Apparel,2.69,0.0015,C,SUP-008
SKU-00028,Product_28,Home Goods,25.07,0.0137,B,SUP-007
SKU-00029,Product_29,Groceries,5.24,0.0029,C,SUP-001
SKU-00030,Product_30,Groceries,7.29,0.004,C,SUP-002
SKU-00031,Product_31,Apparel,11.66,0.0064,B,SUP-003
SKU-00032,Product_32,Home Goods,9.25,0.0051,C,SUP-001
SKU-00033,Product_33,Apparel,2.55,0.0014,C,SUP-009
SKU-00034,Product_34,Apparel,5.5,0.003,C,SUP-008
SKU-00035,Product_35,Apparel,30.89,0.0169,B,SUP-002
SKU-00036,Product_36,Home Goods,23.99,0.0131,B,SUP-009
SKU-00037,Product_37,Groceries,24.49,0.0134,B,SUP-007
SKU-00038,Product_38,Home Goods,14.49,0.0079,B,SUP-009
SKU-00039,Product_39,Electronics,23.62,0.0129,B,SUP-006
SKU-00040,Product_40,Home Goods,15.5,0.0085,B,SUP-006
SKU-00041,Product_41,Home Goods,10.3,0.0056,B,SUP-004
SKU-00042,Product_42,Home Goods,39.05,0.0214,B,SUP-010
SKU-00043,Product_43,Home Goods,9.53,0.0052,C,SUP-010
SKU-00044,Product_44,Groceries,5.64,0.0031,C,SUP-002
SKU-00045,Product_45,Electronics,40.94,0.0224,B,SUP-007
SKU-00046,Product_46,Groceries,41.83,0.0229,B,SUP-005
SKU-00047,Product_47,Groceries,2.52,0.0014,C,SUP-006
SKU-00048,Product_48,Home Goods,23.06,0.0126,B,SUP-002
SKU-00049,Product_49,Apparel,1.58,0.0009,C,SUP-005
SKU-00050,Product_50,Apparel,35.5,0.0195,B,SUP-010
SKU-00051,Product_51,Groceries,4.79,0.0026,C,SUP-004
SKU-00052,Product_52,Groceries,26.69,0.0146,B,SUP-009
SKU-00053,Product_53,Home Goods,6.59,0.0036,C,SUP-006
SKU-00054,Product_54,Groceries,16.99,0.0093,B,SUP-002
SKU-00055,Product_55,Home Goods,3.06,0.0017,C,SUP-001
SKU-00056,Product_56,Apparel,9.2,0.005,C,SUP-005
SKU-00057,Product_57,Apparel,11.48,0.0063,B,SUP-009
SKU-00058,Product_58,Electronics,31.85,0.0175,B,SUP-006
SKU-00059,Product_59,Apparel,73.28,0.0402,A,SUP-010
SKU-00060,Product_60,Groceries,21.77,0.0119,B,SUP-007
SKU-00061,Product_61,Apparel,16.41,0.009,B,SUP-005
SKU-00062,Product_62,Home Goods,4.36,0.0024,C,SUP-010
SKU-00063,Product_63,Apparel,2.95,0.0016,C,SUP-006
SKU-00064,Product_64,Electronics,14.74,0.0081,B,SUP-005
SKU-00065,Product_65,Apparel,13.95,0.0076,B,SUP-009
SKU-00066,Product_66,Home Goods,22.38,0.0123,B,SUP-006
SKU-00067,Product_67,Home Goods,24.66,0.0135,B,SUP-008
SKU-00068,Product_68,Groceries,17.48,0.0096,B,SUP-002
SKU-00069,Product_69,Apparel,2.81,0.0015,C,SUP-009
SKU-00070,Product_70,Home Goods,29.74,0.0163,B,SUP-005
SKU-00071,Product_71,Electronics,10.97,0.006,B,SUP-007
SKU-00072,Product_72,Groceries,4.69,0.0026,C,SUP-010
SKU-00073,Product_73,Electronics,8.05,0.0044,C,SUP-001
SKU-00074,Product_74,Apparel,3.01,0.0016,C,SUP-010
SKU-00075,Product_75,Apparel,8.64,0.0047,C,SUP-005
SKU-00076,Product_76,Apparel,25.81,0.0141,B,SUP-010
SKU-00077,Product_77,Groceries,8.78,0.0048,C,SUP-002
SKU-00078,Product_78,Home Goods,5.15,0.0028,C,SUP-006
SKU-00079,Product_79,Groceries,9.41,0.0052,C,SUP-001
SKU-00080,Product_80,Electronics,19.32,0.0106,B,SUP-003
SKU-00081,Product_81,Groceries,3.16,0.0017,C,SUP-005
SKU-00082,Product_82,Electronics,4.4,0.0024,C,SUP-004
SKU-00083,Product_83,Groceries,13.83,0.0076,B,SUP-003
SKU-00084,Product_84,Home Goods,3.49,0.0019,C,SUP-010
SKU-00085,Product_85,Electronics,85.21,0.0467,A,SUP-005
SKU-00086,Product_86,Apparel,10.45,0.0057,B,SUP-008
SKU-00087,Product_87,Apparel,4.92,0.0027,C,SUP-004
SKU-00088,Product_88,Groceries,5.38,0.0029,C,SUP-001
SKU-00089,Product_89,Apparel,7.51,0.0041,C,SUP-007
SKU-00090,Product_90,Electronics,6.89,0.0038,C,SUP-008
SKU-00091,Product_91,Apparel,1.5,0.0008,C,SUP-003
SKU-00092,Product_92,Home Goods,43.11,0.0236,B,SUP-006
SKU-00093,Product_93,Home Goods,12.0,0.0066,B,SUP-002
SKU-00094,Product_94,Groceries,11.85,0.0065,B,SUP-007
SKU-00095,Product_95,Electronics,27.6,0.0151,B,SUP-008
SKU-00096,Product_96,Home Goods,4.24,0.0023,C,SUP-006
SKU-00097,Product_97,Home Goods,5.71,0.0031,C,SUP-006
SKU-00098,Product_98,Electronics,19.25,0.0105,B,SUP-005
SKU-00099,Product_99,Apparel,11.42,0.0063,B,SUP-008
SKU-00100,Product_100,Apparel,17.2,0.0094,B,SUP-001
SKU-00101,Product_101,Groceries,11.24,0.0062,B,SUP-010
SKU-00102,Product_102,Apparel,9.57,0.0052,C,SUP-004
SKU-00103,Product_103,Electronics,51.09,0.028,A,SUP-004
SKU-00104,Product_104,Home Goods,35.37,0.0194,B,SUP-003
SKU-00105,Product_105,Apparel,1.0,0.0005,C,SUP-003
SKU-00106,Product_106,Groceries,53.53,0.0293,A,SUP-004
SKU-00107,Product_107,Apparel,105.5,0.0578,A,SUP-001
SKU-00108,Product_108,Electronics,41.75,0.0229,B,SUP-002
SKU-00109,Product_109,Groceries,9.83,0.0054,C,SUP-009
SKU-00110,Product_110,Apparel,6.12,0.0034,C,SUP-010
SKU-00111,Product_111,Groceries,25.22,0.0138,B,SUP-002
SKU-00112,Product_112,Electronics,6.56,0.0036,C,SUP-005
SKU-00113,Product_113,Home Goods,17.39,0.0095,B,SUP-009
SKU-00114,Product_114,Electronics,11.92,0.0065,B,SUP-009
SKU-00115,Product_115,Electronics,41.18,0.0226,B,SUP-008
SKU-00116,Product_116,Electronics,8.25,0.0045,C,SUP-001
SKU-00117,Product_117,Electronics,7.82,0.0043,C,SUP-001
SKU-00118,Product_118,Home Goods,17.78,0.0097,B,SUP-009
SKU-00119,Product_119,Home Goods,84.25,0.0462,A,SUP-008
SKU-00120,Product_120,Groceries,13.21,0.0072,B,SUP-010
SKU-00121,Product_121,Apparel,8.03,0.0044,C,SUP-009
SKU-00122,Product_122,Home Goods,28.72,0.0157,B,SUP-007
SKU-00123,Product_123,Home Goods,24.98,0.0137,B,SUP-003
SKU-00124,Product_124,Apparel,4.7,0.0026,C,SUP-003
SKU-00125,Product_125,Home Goods,7.13,0.0039,C,SUP-002
SKU-00126,Product_126,Electronics,36.47,0.02,B,SUP-005
SKU-00127,Product_127,Electronics,18.69,0.0102,B,SUP-003
SKU-00128,Product_128,Apparel,1.03,0.0006,C,SUP-006
SKU-00129,Product_129,Groceries,19.73,0.0108,B,SUP-002
SKU-00130,Product_130,Groceries,30.77,0.0169,B,SUP-003
SKU-00131,Product_131,Apparel,5.27,0.0029,C,SUP-005
SKU-00132,Product_132,Apparel,23.98,0.0131,B,SUP-001
SKU-00133,Product_133,Electronics,79.23,0.0434,A,SUP-001
SKU-00134,Product_134,Groceries,18.11,0.0099,B,SUP-010
SKU-00135,Product_135,Home Goods,6.52,0.0036,C,SUP-009
SKU-00136,Product_136,Electronics,7.22,0.004,C,SUP-007
SKU-00137,Product_137,Apparel,12.34,0.0068,B,SUP-001
SKU-00138,Product_138,Groceries,17.77,0.0097,B,SUP-008
SKU-00139,Product_139,Home Goods,12.97,0.0071,B,SUP-003
SKU-00140,Product_140,Home Goods,20.12,0.011,B,SUP-008
SKU-00141,Product_141,Electronics,10.52,0.0058,B,SUP-005
SKU-00142,Product_142,Groceries,14.59,0.008,B,SUP-001
SKU-00143,Product_143,Groceries,31.97,0.0175,B,SUP-007
SKU-00144,Product_144,Apparel,4.2,0.0023,C,SUP-005
SKU-00145,Product_145,Groceries,13.58,0.0074,B,SUP-006
SKU-00146,Product_146,Groceries,13.54,0.0074,B,SUP-006
SKU-00147,Product_147,Electronics,30.59,0.0168,B,SUP-008
SKU-00148,Product_148,Groceries,9.71,0.0053,C,SUP-009
SKU-00149,Product_149,Home Goods,23.41,0.0128,B,SUP-002
SKU-00150,Product_150,Electronics,36.7,0.0201,B,SUP-009
SKU-00151,Product_151,Electronics,1.92,0.0011,C,SUP-010
SKU-00152,Product_152,Apparel,39.2,0.0215,B,SUP-009
SKU-00153,Product_153,Groceries,4.55,0.0025,C,SUP-010
SKU-00154,Product_154,Apparel,4.08,0.0022,C,SUP-010
SKU-00155,Product_155,Home Goods,0.68,0.0004,C,SUP-007
SKU-00156,Product_156,Electronics,5.46,0.003,C,SUP-001
SKU-00157,Product_157,Electronics,12.12,0.0066,B,SUP-007
SKU-00158,Product_158,Electronics,8.3,0.0045,C,SUP-010
SKU-00159,Product_159,Home Goods,7.67,0.0042,C,SUP-005
SKU-00160,Product_160,Home Goods,4.0,0.0022,C,SUP-006
SKU-00161,Product_161,Apparel,29.0,0.0159,B,SUP-010
SKU-00162,Product_162,Apparel,31.77,0.0174,B,SUP-007
SKU-00163,Product_163,Apparel,18.51,0.0101,B,SUP-005
SKU-00164,Product_164,Groceries,1.85,0.001,C,SUP-007
SKU-00165,Product_165,Electronics,118.31,0.0648,A,SUP-009
SKU-00166,Product_166,Electronics,14.11,0.0077,B,SUP-003
SKU-00167,Product_167,Apparel,20.9,0.0115,B,SUP-008
SKU-00168,Product_168,Electronics,2.72,0.0015,C,SUP-002
SKU-00169,Product_169,Apparel,12.04,0.0066,B,SUP-007
SKU-00170,Product_170,Groceries,18.42,0.0101,B,SUP-002
SKU-00171,Product_171,Groceries,10.58,0.0058,B,SUP-004
SKU-00172,Product_172,Home Goods,29.14,0.016,B,SUP-007
SKU-00173,Product_173,Groceries,44.72,0.0245,B,SUP-003
SKU-00174,Product_174,Apparel,3.18,0.0017,C,SUP-002
SKU-00175,Product_175,Groceries,28.51,0.0156,B,SUP-010
SKU-00176,Product_176,Home Goods,18.07,0.0099,B,SUP-007
SKU-00177,Product_177,Electronics,12.13,0.0066,B,SUP-001
SKU-00178,Product_178,Apparel,2.53,0.0014,C,SUP-008
SKU-00179,Product_179,Electronics,53.51,0.0293,A,SUP-003
SKU-00180,Product_180,Home Goods,18.12,0.0099,B,SUP-002
SKU-00181,Product_181,Home Goods,2.05,0.0011,C,SUP-003
SKU-00182,Product_182,Home Goods,9.55,0.0052,C,SUP-005
SKU-00183,Product_183,Electronics,16.9,0.0093,B,SUP-008
SKU-00184,Product_184,Electronics,20.22,0.0111,B,SUP-010
SKU-00185,Product_185,Electronics,10.72,0.0059,B,SUP-007
SKU-00186,Product_186,Electronics,17.14,0.0094,B,SUP-007
SKU-00187,Product_187,Home Goods,101.38,0.0556,A,SUP-007
SKU-00188,Product_188,Home Goods,57.2,0.0313,A,SUP-008
SKU-00189,Product_189,Apparel,4.71,0.0026,C,SUP-001
SKU-00190,Product_190,Apparel,6.71,0.0037,C,SUP-004
SKU-00191,Product_191,Electronics,10.9,0.006,B,SUP-006
SKU-00192,Product_192,Groceries,2.12,0.0012,C,SUP-009
SKU-00193,Product_193,Groceries,3.19,0.0017,C,SUP-002
SKU-00194,Product_194,Home Goods,2.41,0.0013,C,SUP-001
SKU-00195,Product_195,Home Goods,3.87,0.0021,C,SUP-010
SKU-00196,Product_196,Home Goods,48.89,0.0268,B,SUP-002
SKU-00197,Product_197,Apparel,5.18,0.0028,C,SUP-007
SKU-00198,Product_198,Apparel,4.36,0.0024,C,SUP-003
SKU-00199,Product_199,Home Goods,29.45,0.0161,B,SUP-010
SKU-00200,Product_200,Home Goods,7.77,0.0043,C,SUP-002
SKU-00201,Product_201,Home Goods,18.52,0.0101,B,SUP-007
SKU-00202,Product_202,Groceries,5.88,0.0032,C,SUP-002
SKU-00203,Product_203,Apparel,2.01,0.0011,C,SUP-003
SKU-00204,Product_204,Groceries,19.45,0.0107,B,SUP-007
SKU-00205,Product_205,Groceries,2.58,0.0014,C,SUP-004
SKU-00206,Product_206,Home Goods,7.31,0.004,C,SUP-001
SKU-00207,Product_207,Home Goods,5.85,0.0032,C,SUP-005
SKU-00208,Product_208,Electronics,14.81,0.0081,B,SUP-009
SKU-00209,Product_209,Electronics,6.99,0.0038,C,SUP-008
SKU-00210,Product_210,Groceries,10.72,0.0059,B,SUP-009
SKU-00211,Product_211,Apparel,2.56,0.0014,C,SUP-010
SKU-00212,Product_212,Home Goods,90.05,0.0493,A,SUP-009
SKU-00213,Product_213,Home Goods,3.67,0.002,C,SUP-007
SKU-00214,Product_214,Groceries,40.5,0.0222,B,SUP-004
SKU-00215,Product_215,Electronics,14.15,0.0078,B,SUP-005
SKU-00216,Product_216,Apparel,14.03,0.0077,B,SUP-001
SKU-00217,Product_217,Electronics,17.36,0.0095,B,SUP-001
SKU-00218,Product_218,Electronics,1.86,0.001,C,SUP-003
SKU-00219,Product_219,Electronics,32.02,0.0175,B,SUP-008
SKU-00220,Product_220,Electronics,7.31,0.004,C,SUP-002
SKU-00221,Product_221,Home Goods,40.87,0.0224,B,SUP-004
SKU-00222,Product_222,Home Goods,10.47,0.0057,B,SUP-002
SKU-00223,Product_223,Electronics,8.38,0.0046,C,SUP-005
SKU-00224,Product_224,Apparel,3.35,0.0018,C,SUP-009
SKU-00225,Product_225,Groceries,5.67,0.0031,C,SUP-001
SKU-00226,Product_226,Apparel,18.58,0.0102,B,SUP-005
SKU-00227,Product_227,Apparel,3.29,0.0018,C,SUP-009
SKU-00228,Product_228,Apparel,1.66,0.0009,C,SUP-001
SKU-00229,Product_229,Electronics,5.17,0.0028,C,SUP-009
SKU-00230,Product_230,Home Goods,28.22,0.0155,B,SUP-008
SKU-00231,Product_231,Apparel,72.33,0.0396,A,SUP-004
SKU-00232,Product_232,Electronics,6.19,0.0034,C,SUP-010
SKU-00233,Product_233,Apparel,2.59,0.0014,C,SUP-005
SKU-00234,Product_234,Apparel,8.64,0.0047,C,SUP-005
SKU-00235,Product_235,Electronics,14.64,0.008,B,SUP-006
SKU-00236,Product_236,Home Goods,21.71,0.0119,B,SUP-007
SKU-00237,Product_237,Home Goods,102.99,0.0564,A,SUP-008
SKU-00238,Product_238,Groceries,15.28,0.0084,B,SUP-008
SKU-00239,Product_239,Electronics,63.78,0.0349,A,SUP-002
SKU-00240,Product_240,Groceries,7.67,0.0042,C,SUP-009
SKU-00241,Product_241,Groceries,13.28,0.0073,B,SUP-007
SKU-00242,Product_242,Groceries,6.73,0.0037,C,SUP-004
SKU-00243,Product_243,Home Goods,6.17,0.0034,C,SUP-004
SKU-00244,Product_244,Electronics,9.36,0.0051,C,SUP-008
SKU-00245,Product_245,Groceries,9.2,0.005,C,SUP-004
SKU-00246,Product_246,Electronics,6.66,0.0036,C,SUP-006
SKU-00247,Product_247,Electronics,7.03,0.0039,C,SUP-005
SKU-00248,Product_248,Home Goods,36.48,0.02,B,SUP-003
SKU-00249,Product_249,Groceries,100.8,0.0552,A,SUP-010
SKU-00250,Product_250,Groceries,7.4,0.0041,C,SUP-002
SKU-00251,Product_251,Electronics,8.81,0.0048,C,SUP-009
SKU-00252,Product_252,Apparel,20.59,0.0113,B,SUP-010
SKU-00253,Product_253,Home Goods,295.02,0.1617,A,SUP-009
SKU-00254,Product_254,Home Goods,13.25,0.0073,B,SUP-001
SKU-00255,Product_255,Home Goods,32.22,0.0177,B,SUP-010
SKU-00256,Product_256,Home Goods,57.08,0.0313,A,SUP-003
SKU-00257,Product_257,Groceries,17.19,0.0094,B,SUP-008
SKU-00258,Product_258,Groceries,30.76,0.0169,B,SUP-006
SKU-00259,Product_259,Apparel,22.37,0.0123,B,SUP-005
SKU-00260,Product_260,Home Goods,34.21,0.0187,B,SUP-005
SKU-00261,Product_261,Home Goods,4.33,0.0024,C,SUP-006
SKU-00262,Product_262,Electronics,14.94,0.0082,B,SUP-007
SKU-00263,Product_263,Groceries,19.71,0.0108,B,SUP-001
SKU-00264,Product_264,Home Goods,19.43,0.0106,B,SUP-009
SKU-00265,Product_265,Apparel,37.98,0.0208,B,SUP-003
SKU-00266,Product_266,Apparel,19.05,0.0104,B,SUP-004
SKU-00267,Product_267,Groceries,3.88,0.0021,C,SUP-010
SKU-00268,Product_268,Apparel,22.01,0.0121,B,SUP-001
SKU-00269,Product_269,Apparel,5.04,0.0028,C,SUP-010
SKU-00270,Product_270,Groceries,6.05,0.0033,C,SUP-003
SKU-00271,Product_271,Home Goods,8.02,0.0044,C,SUP-002
SKU-00272,Product_272,Home Goods,10.9,0.006,B,SUP-002
SKU-00273,Product_273,Apparel,2.6,0.0014,C,SUP-001
SKU-00274,Product_274,Apparel,37.22,0.0204,B,SUP-008
SKU-00275,Product_275,Home Goods,3.84,0.0021,C,SUP-003
SKU-00276,Product_276,Groceries,58.56,0.0321,A,SUP-003
SKU-00277,Product_277,Apparel,3.96,0.0022,C,SUP-006
SKU-00278,Product_278,Electronics,43.9,0.0241,B,SUP-008
SKU-00279,Product_279,Groceries,11.84,0.0065,B,SUP-009
SKU-00280,Product_280,Apparel,2.19,0.0012,C,SUP-009
SKU-00281,Product_281,Apparel,4.29,0.0024,C,SUP-004
SKU-00282,Product_282,Electronics,45.9,0.0252,B,SUP-005
SKU-00283,Product_283,Electronics,19.08,0.0105,B,SUP-002
SKU-00284,Product_284,Home Goods,11.26,0.0062,B,SUP-009
SKU-00285,Product_285,Groceries,1.33,0.0007,C,SUP-008
SKU-00286,Product_286,Groceries,48.89,0.0268,B,SUP-003
SKU-00287,Product_287,Home Goods,79.08,0.0433,A,SUP-009
SKU-00288,Product_288,Groceries,65.89,0.0361,A,SUP-003
SKU-00289,Product_289,Groceries,6.58,0.0036,C,SUP-009
SKU-00290,Product_290,Groceries,17.86,0.0098,B,SUP-002
SKU-00291,Product_291,Groceries,19.93,0.0109,B,SUP-010
SKU-00292,Product_292,Groceries,2.64,0.0014,C,SUP-009
SKU-00293,Product_293,Electronics,14.59,0.008,B,SUP-008
SKU-00294,Product_294,Groceries,35.55,0.0195,B,SUP-009
SKU-00295,Product_295,Electronics,26.17,0.0143,B,SUP-005
SKU-00296,Product_296,Groceries,4.01,0.0022,C,SUP-002
SKU-00297,Product_297,Home Goods,5.14,0.0028,C,SUP-008
SKU-00298,Product_298,Apparel,26.86,0.0147,B,SUP-006
SKU-00299,Product_299,Electronics,22.94,0.0126,B,SUP-008
SKU-00300,Product_300,Groceries,1.28,0.0007,C,SUP-005
SKU-00301,Product_301,Home Goods,1.04,0.0006,C,SUP-010
SKU-00302,Product_302,Apparel,11.28,0.0062,B,SUP-002
SKU-00303,Product_303,Electronics,6.76,0.0037,C,SUP-006
SKU-00304,Product_304,Apparel,9.04,0.005,C,SUP-005
SKU-00305,Product_305,Home Goods,8.07,0.0044,C,SUP-005
SKU-00306,Product_306,Electronics,32.59,0.0179,B,SUP-001
SKU-00307,Product_307,Apparel,13.51,0.0074,B,SUP-002
SKU-00308,Product_308,Groceries,15.92,0.0087,B,SUP-008
SKU-00309,Product_309,Electronics,3.18,0.0017,C,SUP-003
SKU-00310,Product_310,Apparel,0.42,0.0002,C,SUP-010
SKU-00311,Product_311,Home Goods,37.47,0.0205,B,SUP-003
SKU-00312,Product_312,Home Goods,103.88,0.0569,A,SUP-008
SKU-00313,Product_313,Electronics,8.65,0.0047,C,SUP-008
SKU-00314,Product_314,Apparel,15.63,0.0086,B,SUP-002
SKU-00315,Product_315,Electronics,16.85,0.0092,B,SUP-008
SKU-00316,Product_316,Electronics,65.06,0.0356,A,SUP-001
SKU-00317,Product_317,Apparel,29.64,0.0162,B,SUP-006
SKU-00318,Product_318,Apparel,20.01,0.011,B,SUP-008
SKU-00319,Product_319,Groceries,12.88,0.0071,B,SUP-003
SKU-00320,Product_320,Apparel,12.94,0.0071,B,SUP-008
SKU-00321,Product_321,Home Goods,2.89,0.0016,C,SUP-001
SKU-00322,Product_322,Electronics,8.3,0.0045,C,SUP-009
SKU-00323,Product_323,Electronics,29.55,0.0162,B,SUP-009
SKU-00324,Product_324,Home Goods,9.64,0.0053,C,SUP-005
SKU-00325,Product_325,Apparel,12.73,0.007,B,SUP-010
SKU-00326,Product_326,Home Goods,3.76,0.0021,C,SUP-004
SKU-00327,Product_327,Home Goods,19.02,0.0104,B,SUP-006
SKU-00328,Product_328,Groceries,2.82,0.0015,C,SUP-007
SKU-00329,Product_329,Home Goods,16.28,0.0089,B,SUP-005
SKU-00330,Product_330,Electronics,10.1,0.0055,B,SUP-010
SKU-00331,Product_331,Home Goods,2.13,0.0012,C,SUP-009
SKU-00332,Product_332,Electronics,35.5,0.0195,B,SUP-003
SKU-00333,Product_333,Electronics,10.34,0.0057,B,SUP-007
SKU-00334,Product_334,Electronics,78.32,0.0429,A,SUP-010
SKU-00335,Product_335,Apparel,53.42,0.0293,A,SUP-010
SKU-00336,Product_336,Groceries,5.06,0.0028,C,SUP-005
SKU-00337,Product_337,Electronics,5.52,0.003,C,SUP-007
SKU-00338,Product_338,Electronics,3.77,0.0021,C,SUP-002
SKU-00339,Product_339,Apparel,2.49,0.0014,C,SUP-004
SKU-00340,Product_340,Electronics,7.99,0.0044,C,SUP-002
SKU-00341,Product_341,Home Goods,51.61,0.0283,A,SUP-007
SKU-00342,Product_342,Home Goods,1.8,0.001,C,SUP-002
SKU-00343,Product_343,Groceries,28.56,0.0156,B,SUP-001
SKU-00344,Product_344,Electronics,26.27,0.0144,B,SUP-009
SKU-00345,Product_345,Apparel,21.21,0.0116,B,SUP-001
SKU-00346,Product_346,Home Goods,25.36,0.0139,B,SUP-008
SKU-00347,Product_347,Apparel,4.04,0.0022,C,SUP-002
SKU-00348,Product_348,Apparel,26.09,0.0143,B,SUP-008
SKU-00349,Product_349,Home Goods,7.03,0.0039,C,SUP-003
SKU-00350,Product_350,Apparel,1.04,0.0006,C,SUP-006
SKU-00351,Product_351,Home Goods,12.9,0.0071,B,SUP-003
SKU-00352,Product_352,Apparel,5.24,0.0029,C,SUP-007
SKU-00353,Product_353,Home Goods,47.41,0.026,B,SUP-010
SKU-00354,Product_354,Electronics,9.15,0.005,C,SUP-009
SKU-00355,Product_355,Groceries,12.75,0.007,B,SUP-002
SKU-00356,Product_356,Home Goods,17.98,0.0099,B,SUP-005
SKU-00357,Product_357,Home Goods,9.32,0.0051,C,SUP-006
SKU-00358,Product_358,Groceries,10.98,0.006,B,SUP-004
SKU-00359,Product_359,Home Goods,28.32,0.0155,B,SUP-004
SKU-00360,Product_360,Home Goods,4.19,0.0023,C,SUP-004
SKU-00361,Product_361,Apparel,6.04,0.0033,C,SUP-002
SKU-00362,Product_362,Groceries,4.63,0.0025,C,SUP-004
SKU-00363,Product_363,Electronics,51.25,0.0281,A,SUP-001
SKU-00364,Product_364,Home Goods,6.04,0.0033,C,SUP-006
SKU-00365,Product_365,Groceries,10.56,0.0058,B,SUP-001
SKU-00366,Product_366,Apparel,6.68,0.0037,C,SUP-010
SKU-00367,Product_367,Electronics,8.95,0.0049,C,SUP-006
SKU-00368,Product_368,Groceries,5.83,0.0032,C,SUP-001
SKU-00369,Product_369,Electronics,19.35,0.0106,B,SUP-006
SKU-00370,Product_370,Electronics,4.3,0.0024,C,SUP-010
SKU-00371,Product_371,Electronics,3.15,0.0017,C,SUP-008
SKU-00372,Product_372,Home Goods,6.97,0.0038,C,SUP-002
SKU-00373,Product_373,Home Goods,5.48,0.003,C,SUP-002
SKU-00374,Product_374,Apparel,3.2,0.0018,C,SUP-004
SKU-00375,Product_375,Apparel,8.82,0.0048,C,SUP-003
SKU-00376,Product_376,Groceries,2.32,0.0013,C,SUP-004
SKU-00377,Product_377,Apparel,68.56,0.0376,A,SUP-007
SKU-00378,Product_378,Electronics,2.74,0.0015,C,SUP-001
SKU-00379,Product_379,Electronics,6.38,0.0035,C,SUP-006
SKU-00380,Product_380,Home Goods,8.14,0.0045,C,SUP-003
SKU-00381,Product_381,Electronics,65.67,0.036,A,SUP-010
SKU-00382,Product_382,Groceries,2.16,0.0012,C,SUP-007
SKU-00383,Product_383,Electronics,14.04,0.0077,B,SUP-010
SKU-00384,Product_384,Electronics,34.37,0.0188,B,SUP-002
SKU-00385,Product_385,Groceries,8.94,0.0049,C,SUP-002
SKU-00386,Product_386,Apparel,3.78,0.0021,C,SUP-004
SKU-00387,Product_387,Apparel,10.94,0.006,B,SUP-001
SKU-00388,Product_388,Groceries,56.1,0.0307,A,SUP-003
SKU-00389,Product_389,Home Goods,6.58,0.0036,C,SUP-009
SKU-00390,Product_390,Electronics,51.22,0.0281,A,SUP-007
SKU-00391,Product_391,Groceries,15.78,0.0086,B,SUP-007
SKU-00392,Product_392,Electronics,41.78,0.0229,B,SUP-004
SKU-00393,Product_393,Home Goods,15.16,0.0083,B,SUP-002
SKU-00394,Product_394,Electronics,7.51,0.0041,C,SUP-004
SKU-00395,Product_395,Groceries,62.73,0.0344,A,SUP-006
SKU-00396,Product_396,Electronics,15.26,0.0084,B,SUP-003
SKU-00397,Product_397,Apparel,14.39,0.0079,B,SUP-001
SKU-00398,Product_398,Home Goods,27.32,0.015,B,SUP-008
SKU-00399,Product_399,Home Goods,30.7,0.0168,B,SUP-005
SKU-00400,Product_400,Home Goods,27.46,0.015,B,SUP-005
SKU-00401,Product_401,Groceries,3.16,0.0017,C,SUP-004
SKU-00402,Product_402,Home Goods,6.44,0.0035,C,SUP-006
SKU-00403,Product_403,Apparel,6.32,0.0035,C,SUP-003
SKU-00404,Product_404,Groceries,5.59,0.0031,C,SUP-009
SKU-00405,Product_405,Apparel,5.09,0.0028,C,SUP-005
SKU-00406,Product_406,Electronics,6.23,0.0034,C,SUP-003
SKU-00407,Product_407,Electronics,17.05,0.0093,B,SUP-001
SKU-00408,Product_408,Electronics,19.97,0.0109,B,SUP-010
SKU-00409,Product_409,Electronics,12.16,0.0067,B,SUP-006
SKU-00410,Product_410,Apparel,7.96,0.0044,C,SUP-002
SKU-00411,Product_411,Groceries,43.62,0.0239,B,SUP-003
SKU-00412,Product_412,Groceries,11.12,0.0061,B,SUP-001
SKU-00413,Product_413,Home Goods,31.1,0.017,B,SUP-009
SKU-00414,Product_414,Apparel,6.89,0.0038,C,SUP-008
SKU-00415,Product_415,Electronics,18.43,0.0101,B,SUP-002
SKU-00416,Product_416,Apparel,46.62,0.0255,B,SUP-008
SKU-00417,Product_417,Home Goods,0.9,0.0005,C,SUP-009
SKU-00418,Product_418,Home Goods,6.33,0.0035,C,SUP-001
SKU-00419,Product_419,Apparel,22.06,0.0121,B,SUP-005
SKU-00420,Product_420,Apparel,40.97,0.0224,B,SUP-008
SKU-00421,Product_421,Apparel,14.93,0.0082,B,SUP-002
SKU-00422,Product_422,Groceries,12.8,0.007,B,SUP-004
SKU-00423,Product_423,Electronics,60.98,0.0334,A,SUP-007
SKU-00424,Product_424,Apparel,43.55,0.0239,B,SUP-003
SKU-00425,Product_425,Apparel,5.11,0.0028,C,SUP-005
SKU-00426,Product_426,Apparel,13.69,0.0075,B,SUP-008
SKU-00427,Product_427,Home Goods,17.46,0.0096,B,SUP-010
SKU-00428,Product_428,Home Goods,67.94,0.0372,A,SUP-003
SKU-00429,Product_429,Groceries,28.96,0.0159,B,SUP-004
SKU-00430,Product_430,Electronics,10.98,0.006,B,SUP-009
SKU-00431,Product_431,Groceries,15.18,0.0083,B,SUP-007
SKU-00432,Product_432,Electronics,1.85,0.001,C,SUP-001
SKU-00433,Product_433,Home Goods,32.09,0.0176,B,SUP-004
SKU-00434,Product_434,Home Goods,23.24,0.0127,B,SUP-004
SKU-00435,Product_435,Home Goods,40.94,0.0224,B,SUP-009
SKU-00436,Product_436,Groceries,10.55,0.0058,B,SUP-006
SKU-00437,Product_437,Apparel,13.85,0.0076,B,SUP-009
SKU-00438,Product_438,Apparel,7.53,0.0041,C,SUP-006
SKU-00439,Product_439,Home Goods,3.86,0.0021,C,SUP-006
SKU-00440,Product_440,Apparel,6.67,0.0037,C,SUP-005
SKU-00441,Product_441,Apparel,1.98,0.0011,C,SUP-005
SKU-00442,Product_442,Groceries,30.4,0.0167,B,SUP-002
SKU-00443,Product_443,Electronics,1.38,0.0008,C,SUP-008
SKU-00444,Product_444,Home Goods,92.96,0.0509,A,SUP-008
SKU-00445,Product_445,Home Goods,2.09,0.0011,C,SUP-001
SKU-00446,Product_446,Groceries,54.59,0.0299,A,SUP-008
SKU-00447,Product_447,Groceries,4.91,0.0027,C,SUP-005
SKU-00448,Product_448,Apparel,21.35,0.0117,B,SUP-002
SKU-00449,Product_449,Home Goods,5.74,0.0031,C,SUP-002
SKU-00450,Product_450,Electronics,64.96,0.0356,A,SUP-006
SKU-00451,Product_451,Groceries,12.73,0.007,B,SUP-009
SKU-00452,Product_452,Electronics,35.65,0.0195,B,SUP-001
SKU-00453,Product_453,Electronics,13.15,0.0072,B,SUP-006
SKU-00454,Product_454,Home Goods,17.34,0.0095,B,SUP-009
SKU-00455,Product_455,Home Goods,22.56,0.0124,B,SUP-008
SKU-00456,Product_456,Groceries,7.18,0.0039,C,SUP-006
SKU-00457,Product_457,Home Goods,3.39,0.0019,C,SUP-003
SKU-00458,Product_458,Home Goods,3.31,0.0018,C,SUP-008
SKU-00459,Product_459,Home Goods,12.82,0.007,B,SUP-009
SKU-00460,Product_460,Electronics,7.47,0.0041,C,SUP-001
SKU-00461,Product_461,Groceries,1.42,0.0008,C,SUP-009
SKU-00462,Product_462,Apparel,20.35,0.0112,B,SUP-006
SKU-00463,Product_463,Electronics,3.6,0.002,C,SUP-006
SKU-00464,Product_464,Home Goods,3.82,0.0021,C,SUP-004
SKU-00465,Product_465,Electronics,11.69,0.0064,B,SUP-001
SKU-00466,Product_466,Home Goods,4.95,0.0027,C,SUP-010
SKU-00467,Product_467,Home Goods,13.77,0.0075,B,SUP-008
SKU-00468,Product_468,Electronics,87.66,0.048,A,SUP-002
SKU-00469,Product_469,Groceries,8.34,0.0046,C,SUP-001
SKU-00470,Product_470,Home Goods,4.22,0.0023,C,SUP-002
SKU-00471,Product_471,Groceries,14.61,0.008,B,SUP-001
SKU-00472,Product_472,Apparel,5.61,0.0031,C,SUP-001
SKU-00473,Product_473,Home Goods,12.48,0.0068,B,SUP-009
SKU-00474,Product_474,Groceries,16.7,0.0092,B,SUP-001
SKU-00475,Product_475,Groceries,11.76,0.0064,B,SUP-004
SKU-00476,Product_476,Apparel,12.89,0.0071,B,SUP-010
SKU-00477,Product_477,Groceries,14.76,0.0081,B,SUP-006
SKU-00478,Product_478,Groceries,60.17,0.033,A,SUP-007
SKU-00479,Product_479,Apparel,9.46,0.0052,C,SUP-002
SKU-00480,Product_480,Home Goods,13.84,0.0076,B,SUP-006
SKU-00481,Product_481,Groceries,28.99,0.0159,B,SUP-007
SKU-00482,Product_482,Groceries,19.51,0.0107,B,SUP-010
SKU-00483,Product_483,Groceries,8.51,0.0047,C,SUP-010
SKU-00484,Product_484,Electronics,30.02,0.0164,B,SUP-002
SKU-00485,Product_485,Apparel,5.1,0.0028,C,SUP-002
SKU-00486,Product_486,Electronics,9.71,0.0053,C,SUP-010
SKU-00487,Product_487,Apparel,5.63,0.0031,C,SUP-007
SKU-00488,Product_488,Home Goods,21.68,0.0119,B,SUP-001
SKU-00489,Product_489,Home Goods,40.03,0.0219,B,SUP-008
SKU-00490,Product_490,Groceries,15.23,0.0083,B,SUP-003
SKU-00491,Product_491,Apparel,13.13,0.0072,B,SUP-006
SKU-00492,Product_492,Home Goods,5.08,0.0028,C,SUP-009
SKU-00493,Product_493,Apparel,6.03,0.0033,C,SUP-006
SKU-00494,Product_494,Home Goods,3.69,0.002,C,SUP-009
SKU-00495,Product_495,Electronics,1.38,0.0008,C,SUP-007
SKU-00496,Product_496,Home Goods,8.24,0.0045,C,SUP-009
SKU-00497,Product_497,Electronics,9.04,0.005,C,SUP-002
SKU-00498,Product_498,Home Goods,107.0,0.0586,A,SUP-008
SKU-00499,Product_499,Groceries,58.14,0.0319,A,SUP-008
SKU-00500,Product_500,Electronics,21.23,0.0116,B,SUP-002
